{
  "project_info": {
    "project_number": "306314465804",
    "project_id": "musicfy-7d981",
    "storage_bucket": "musicfy-7d981.appspot.com"
  },
  "client": [
    {
      "client_info": {
        "mobilesdk_app_id": "1:306314465804:android:eb00cd6ff44f30c7205429",
        "android_client_info": {
          "package_name": "com.example.musicfy"
        }
      },
      "oauth_client": [
        {
          "client_id": "306314465804-rsnjqbg75ai8jcsc2972fbbbs56iula8.apps.googleusercontent.com",
          "client_type": 3
        }
      ],
      "api_key": [
        {
          "current_key": "AIzaSyB6s8OVbDE4ZPhnyCAe0O179hxWb_TQItc"
        }
      ],
      "services": {
        "appinvite_service": {
          "other_platform_oauth_client": [
            {
              "client_id": "306314465804-rsnjqbg75ai8jcsc2972fbbbs56iula8.apps.googleusercontent.com",
              "client_type": 3
            }
          ]
        }
      }
    }
  ],
  "configuration_version": "1"
}